fecha,semana,dia_semana,clima,fatiga,congestion,backlog,dotacion,variabilidad
11/11/2024,1,Lunes,44.7708194,41.266535,37.54548044,48.32027391,81.79577708,19.58686566
11/12/2024,1,Martes,43.57825614,38.66175784,40.14841243,44.54119479,81.90100551,19.31404834
11/13/2024,1,Miércoles,46.01100362,39.94215023,40.53933871,44.53988713,81.41543108,21.44508016
11/14/2024,1,Jueves,45.91985805,41.21502865,38.11126244,45.64649153,82.49840353,20.98280913
11/15/2024,1,Viernes,42.93856499,39.90046698,40.74995588,43.48520097,77.28345761,19.36780426
11/16/2024,1,Sábado,43.51833518,39.97142194,36.81719071,46.12940213,78.73078993,21.99150447
11/17/2024,1,Domingo,44.44620232,39.94922191,39.65393024,43.62368062,84.94455892,19.00826764
11/18/2024,2,Lunes,52.04704304,39.81274211,45.74426278,50.95774433,77.95164605,20.85799056
11/19/2024,2,Martes,49.47335619,41.193421,49.80405256,49.95479382,79.04977756,25.56325018
11/20/2024,2,Miércoles,48.24736266,42.07532047,44.46162774,49.82772311,77.64197607,20.53624583
11/21/2024,2,Jueves,50.39082057,39.87473445,46.97776547,51.24661961,77.01307437,21.11003336
11/22/2024,2,Viernes,50.55102112,40.40290937,48.62396025,50.71585146,78.7865263,23.36289016
11/23/2024,2,Sábado,48.84107345,44.17801996,45.22906673,51.90029094,77.60409375,24.63455645
11/24/2024,2,Domingo,50.80268725,46.36501405,44.26095677,50.40909879,75.93684751,20.94140352
11/25/2024,3,Lunes,56.2373731,47.25864888,55.9300207,54.80674219,75.13357318,26.50665152
11/26/2024,3,Martes,52.74434556,46.12855478,48.99548857,55.42318994,79.1820922,24.77853314
11/27/2024,3,Miércoles,56.86575817,46.7463171,46.27133694,53.19679851,73.87638628,29.00347421
11/28/2024,3,Jueves,54.78921615,48.56165843,46.73409544,53.85446315,78.60099648,25.35854921
11/29/2024,3,Viernes,56.06571979,42.49238353,52.75360699,56.55403219,77.80325101,23.62877944
11/30/2024,3,Sábado,55.64760026,44.41702004,46.69901758,54.8991543,76.6865392,27.12480302
12/1/2024,3,Domingo,50.53114712,45.47039966,47.6888639,55.63844668,77.74856011,24.82631045
12/2/2024,4,Lunes,61.61458625,45.50846788,57.2154409,58.58384227,72.8882027,27.45520806
12/3/2024,4,Martes,55.80968495,48.50834778,54.48149911,62.46737384,77.29784842,25.21600733
12/4/2024,4,Miércoles,58.32322502,49.04132884,56.69415802,62.44500183,78.42901857,27.82095478
12/5/2024,4,Jueves,60.72531124,50.59747701,54.39338308,60.75945237,75.34623844,26.89810377
12/6/2024,4,Viernes,60.09677024,46.6249131,54.73816805,57.93009027,75.62001123,28.89678059
12/7/2024,4,Sábado,58.82247293,48.01858351,55.27868519,60.90506978,75.73284032,30.17173268
12/8/2024,4,Domingo,55.79816228,53.87550569,53.25773247,60.80678005,74.12306418,29.28853632
12/9/2024,5,Lunes,65.55313831,53.69857293,67.14617469,69.67207824,73.09443188,30.16568039
12/10/2024,5,Martes,64.93822473,59.00681453,66.92593106,70.61524151,71.10215834,32.13499707
12/11/2024,5,Miércoles,65.39513198,55.89845687,62.84667898,71.33681592,69.8208138,35.2622517
12/12/2024,5,Jueves,63.45674336,55.59325664,67.01028515,69.49523991,72.68120004,34.8703631
12/13/2024,5,Viernes,66.12880598,55.71110126,61.63042921,68.13255549,74.09384026,33.13990061
12/14/2024,5,Sábado,66.44293255,56.27079386,67.57951306,69.47720015,72.24099992,29.94265133
12/15/2024,5,Domingo,62.44395483,51.71251857,63.229673,73.10512363,68.89454586,31.39292803
12/16/2024,6,Lunes,67.41370935,56.79805207,70.33938758,73.59976825,72.17932973,38.06795624
12/17/2024,6,Martes,65.50180854,56.63401534,70.11828424,77.25223405,69.09151145,34.96012921
12/18/2024,6,Miércoles,67.68651155,54.9344083,72.89076938,71.35186025,74.65723802,36.4503028
12/19/2024,6,Jueves,71.35994615,59.15093733,69.49462862,75.78416906,69.62220662,36.10614655
12/20/2024,6,Viernes,69.93262695,56.09930363,68.25885477,73.03145525,71.94180146,33.76510678
12/21/2024,6,Sábado,66.17579368,58.79367733,73.02903513,76.54616638,68.79335287,31.82637657
12/22/2024,6,Domingo,69.73146379,57.68155224,68.06160078,76.1020746,73.693253,35.44456543
12/23/2024,7,Lunes,72.32095241,58.1255439,77.79482941,77.84971167,66.84207349,38.12737679
12/24/2024,7,Martes,72.94392267,60.27843082,77.41230679,78.76794311,67.43211638,38.80238443
12/25/2024,7,Miércoles,72.9992742,57.40724816,77.29883946,77.39819196,67.44935355,39.50275197
12/26/2024,7,Jueves,73.49433045,58.59833664,76.60580324,76.8791037,71.63914609,36.34361204
12/27/2024,7,Viernes,72.47895492,58.43596473,79.44539126,75.52435811,69.04872549,36.53017917
12/28/2024,7,Sábado,71.29178472,60.90707567,77.44916888,81.24679312,64.92610408,38.53550245
12/29/2024,7,Domingo,74.91898721,56.62937812,75.62876699,77.99583241,68.82908363,36.45539195
12/30/2024,8,Lunes,57.12876234,36.17378715,41.95276791,67.20809827,65.6053707,38.9317033
12/31/2024,8,Martes,56.75390821,41.12669093,37.79844143,63.57740275,63.82687184,39.60492955
1/1/2025,8,Miércoles,58.48191911,40.06691754,38.7563634,66.40274613,67.06212583,40.21708535
1/2/2025,8,Jueves,60.92525267,44.2357119,37.65479349,62.5330638,66.3899958,43.89308568
1/3/2025,8,Viernes,59.47900288,43.45366768,40.19286744,63.63822544,63.01861522,41.25882717
1/4/2025,8,Sábado,58.17008186,40.16255369,43.16693005,64.38643921,67.62801895,37.57091302
1/5/2025,8,Domingo,58.9321818,37.18571195,40.14599351,66.56015636,65.15037418,42.45410012
1/6/2025,9,Lunes,60.50164152,35.45068551,36.94506135,68.72335317,65.00747209,46.16479192
1/7/2025,9,Martes,59.85881132,33.2205078,36.59142458,67.5222385,64.17437281,46.41617824
1/8/2025,9,Miércoles,60.3038026,31.7979614,42.31148633,65.73709396,65.67264745,45.06253375
1/9/2025,9,Jueves,62.50261128,34.99689899,37.23031624,68.92794457,63.12282559,47.33260549
1/10/2025,9,Viernes,63.13688201,36.19918823,36.98575388,67.52729053,61.62417438,44.29396789
1/11/2025,9,Sábado,59.92684817,37.62613703,38.10107163,68.34099447,63.54970695,45.39515784
1/12/2025,9,Domingo,66.92975527,34.39971943,36.69917393,69.05938627,58.94856273,45.12791357
1/13/2025,10,Lunes,74.25657419,53.01537347,76.01551534,80.10797684,56.39518219,53.70694096
1/14/2025,10,Martes,69.22345759,55.58653863,75.56659884,78.41343621,61.08022542,52.43500276
1/15/2025,10,Miércoles,73.06696595,55.83438093,73.62266649,79.87468609,58.87270195,54.17813769
1/16/2025,10,Jueves,74.26555157,53.58648649,75.60489943,78.74414303,60.03137343,53.54253664
1/17/2025,10,Viernes,71.93140275,56.8248705,75.99905397,84.57736414,57.91205432,54.58207903
1/18/2025,10,Sábado,74.74298504,56.97873888,73.98578421,77.65791629,62.41561862,54.36669994
1/19/2025,10,Domingo,76.75728702,56.5243968,74.94021905,79.65137259,59.21687039,54.96961374
1/20/2025,11,Lunes,79.72620045,56.40711964,80.21769126,82.76273714,56.01178753,59.93812201
1/21/2025,11,Martes,74.07968398,62.12111723,77.61388009,84.91982297,60.33643544,58.27418932
1/22/2025,11,Miércoles,73.39460602,57.11010848,78.25035924,80.44725298,58.56977979,60.41418772
1/23/2025,11,Jueves,80.28465291,55.75835527,76.80172703,84.18655383,57.82331468,61.84269921
1/24/2025,11,Viernes,80.82113601,60.42895827,80.55308733,86.59899851,56.71901313,60.33679038
1/25/2025,11,Sábado,75.61741972,58.12537079,80.17729339,88.44425721,57.54203428,60.18008568
1/26/2025,11,Domingo,78.47392283,57.09035937,78.39501453,87.59762265,56.03816511,57.34416386
1/27/2025,12,Lunes,81.36053076,62.31562968,81.09718068,89.12789302,55.56508705,63.58429465
1/28/2025,12,Martes,78.43657496,61.75918518,83.2142622,92.62231777,52.49482198,63.99507503
1/29/2025,12,Miércoles,80.56235912,58.1487583,83.28337487,92.44925417,53.83328406,65.07718388
1/30/2025,12,Jueves,82.91123738,63.59854315,83.4916025,91.18685835,53.29252693,65.7184188
1/31/2025,12,Viernes,81.11364168,59.57925968,80.81044749,87.43740465,51.52454049,61.10423297
2/1/2025,12,Sábado,81.15888515,60.29539865,81.03237774,89.3370874,55.42094108,64.67087386
2/2/2025,12,Domingo,77.31889364,61.82600044,82.60825234,90.53179696,56.67512541,63.37270929
